alpha,sizecoef,modularity,loglikelihood
0.1,1,1099.4113909239393,39.60653890249807
