alpha,beta,sizecoef,modularity,loglikelihood
0.1,0.1,1,1434.7835806533653,39.746568071964006
